<?xml version="1.0" encoding="UTF-8"?><MD_Metadata xmlns:gts="http://www.isotc211.org/2005/gts" xmlns:gco="http://www.isotc211.org/2005/gco" xmlns:xalan="http://xml.apache.org/xalan" xmlns:srv="http://www.isotc211.org/2005/srv" xmlns:gmx="http://www.isotc211.org/2005/gmx" xmlns:xlink="http://www.w3.org/1999/xlink" xmlns:xsi="http://www.w3.org/2001/XMLSchema-instance" xmlns:gml="http://www.opengis.net/gml" xmlns="http://www.isotc211.org/2005/gmd">
    <fileIdentifier>
        <gco:CharacterString>25D59832-BFED-4E7A-BC00-2B1C8AEA61A1</gco:CharacterString>
    </fileIdentifier>
    <language>
        <LanguageCode codeList="http://www.loc.gov/standards/iso639-2/php/code_list.php" codeListValue="eng" codeSpace="ISO639-2">eng</LanguageCode>
    </language>
    <characterSet>
        <MD_CharacterSetCode codeList="http://www.isotc211.org/2005/resources/Codelist/gmxCodelists.xml#MD_CharacterSetCode" codeListValue="utf8" codeSpace="ISOTC211/19115">utf8</MD_CharacterSetCode>
    </characterSet>
    <hierarchyLevel>
        <MD_ScopeCode codeList="http://www.isotc211.org/2005/resources/Codelist/gmxCodelists.xml#MD_ScopeCode" codeListValue="dataset" codeSpace="ISOTC211/19115">dataset</MD_ScopeCode>
    </hierarchyLevel>
    <hierarchyLevelName>
        <gco:CharacterString>dataset</gco:CharacterString>
    </hierarchyLevelName>
    <contact>
        <CI_ResponsibleParty>
            <individualName>
                <gco:CharacterString>Wayne Bird</gco:CharacterString>
            </individualName>
            <organisationName>
                <gco:CharacterString>Transpower</gco:CharacterString>
            </organisationName>
            <positionName>
                <gco:CharacterString>Geospatial Manager</gco:CharacterString>
            </positionName>
            <contactInfo>
                <CI_Contact>
                    <phone>
                        <CI_Telephone>
                            <voice>
                                <gco:CharacterString>+64 4 495 7000</gco:CharacterString>
                            </voice>
                        </CI_Telephone>
                    </phone>
                </CI_Contact>
            </contactInfo>
            <role>
                <CI_RoleCode codeList="http://www.isotc211.org/2005/resources/Codelist/gmxCodelists.xml#CI_RoleCode" codeListValue="publisher" codeSpace="ISOTC211/19115">publisher</CI_RoleCode>
            </role>
        </CI_ResponsibleParty>
    </contact>
    <dateStamp gco:nilReason="missing"/>
    <metadataStandardName>
        <gco:CharacterString>ISO 19139 Geographic Information - Metadata - Implementation Specification</gco:CharacterString>
    </metadataStandardName>
    <metadataStandardVersion>
        <gco:CharacterString>2007</gco:CharacterString>
    </metadataStandardVersion>
    <referenceSystemInfo>
        <MD_ReferenceSystem>
            <referenceSystemIdentifier>
                <RS_Identifier>
                    <code>
                        <gco:CharacterString>EPSG::2193</gco:CharacterString>
                    </code>
                </RS_Identifier>
            </referenceSystemIdentifier>
        </MD_ReferenceSystem>
    </referenceSystemInfo>
    <identificationInfo>
        <MD_DataIdentification>
            <citation>
                <CI_Citation>
                    <title>
                        <gco:CharacterString>Transpower Transmission Lines</gco:CharacterString>
                    </title>
                    <date>
                        <CI_Date>
                            <date>
                                <gco:Date>2002-07-01</gco:Date>
                            </date>
                            <dateType>
                                <CI_DateTypeCode codeList="http://www.isotc211.org/2005/resources/Codelist/gmxCodelists.xml#CI_DateTypeCode" codeListValue="creation" codeSpace="ISOTC211/19115">creation</CI_DateTypeCode>
                            </dateType>
                        </CI_Date>
                    </date>
                </CI_Citation>
            </citation>
            <abstract>
                <gco:CharacterString>Transmission Lines is a polyline dataset representing the power lines that are used to transmit electric power across NZ, usually from a power generating station to main substations that make up the National Grid. They are comprised of overhead and underground conducting lines of either copper or aluminium. In NZ these High Voltage (HV) transmission lines operate at kiloVoltages (kV) of 33 , 66, 110, 220 AC and 350 DC. (Transmission Line is not a topological network.) (Spans are a sub-set of the Transmission Lines data set. Spans record the structure from / to and the length between the structures). The Transmission Lines dataset is updated ad-hocly.</gco:CharacterString>
            </abstract>
            <graphicOverview>
                <MD_BrowseGraphic>
                    <fileName gco:nilReason="missing"/>
                    <fileDescription>
                        <gco:CharacterString>thumbnail</gco:CharacterString>
                    </fileDescription>
                </MD_BrowseGraphic>
            </graphicOverview>
            <descriptiveKeywords>
                <MD_Keywords>
                    <keyword>
                        <gco:CharacterString>Downloadable Data</gco:CharacterString>
                    </keyword>
                    <thesaurusName uuidref="723f6998-058e-11dc-8314-0800200c9a66"/>
                </MD_Keywords>
            </descriptiveKeywords>
            <resourceConstraints>
                <MD_LegalConstraints>
                    <useLimitation>
                        <gco:CharacterString>Licensed under a &lt;a rel="license" href="https://creativecommons.org/licenses/by/4.0/"&gt;Creative Commons Attribution 4.0 International License&lt;/a&gt; (CC BY 4.0)</gco:CharacterString>
                    </useLimitation>
                    <accessConstraints>
                        <MD_RestrictionCode codeList="http://www.isotc211.org/2005/resources/Codelist/gmxCodelists.xml#MD_RestrictionCode" codeListValue="license" codeSpace="ISOTC211/19115">license</MD_RestrictionCode>
                    </accessConstraints>
                    <useConstraints>
                        <MD_RestrictionCode codeList="http://www.isotc211.org/2005/resources/Codelist/gmxCodelists.xml#MD_RestrictionCode" codeListValue="license" codeSpace="ISOTC211/19115">license</MD_RestrictionCode>
                    </useConstraints>
                </MD_LegalConstraints>
            </resourceConstraints>
            <language>
                <LanguageCode codeList="http://www.loc.gov/standards/iso639-2/php/code_list.php" codeListValue="eng" codeSpace="ISO639-2">eng</LanguageCode>
            </language>
            <characterSet>
                <MD_CharacterSetCode codeList="http://www.isotc211.org/2005/resources/Codelist/gmxCodelists.xml#MD_CharacterSetCode" codeListValue="utf8" codeSpace="ISOTC211/19115">utf8</MD_CharacterSetCode>
            </characterSet>
            <topicCategory>
                <MD_TopicCategoryCode>structure</MD_TopicCategoryCode>
            </topicCategory>
            <topicCategory>
                <MD_TopicCategoryCode>utilitiesCommunication</MD_TopicCategoryCode>
            </topicCategory>
            <extent>
                <EX_Extent/>
            </extent>
            <extent>
                <EX_Extent>
                    <geographicElement>
                        <EX_GeographicBoundingBox>
                            <westBoundLongitude>
                                <gco:Decimal>0</gco:Decimal>
                            </westBoundLongitude>
                            <eastBoundLongitude>
                                <gco:Decimal>0</gco:Decimal>
                            </eastBoundLongitude>
                            <southBoundLatitude>
                                <gco:Decimal>0</gco:Decimal>
                            </southBoundLatitude>
                            <northBoundLatitude>
                                <gco:Decimal>0</gco:Decimal>
                            </northBoundLatitude>
                        </EX_GeographicBoundingBox>
                    </geographicElement>
                </EX_Extent>
            </extent>
        </MD_DataIdentification>
    </identificationInfo>
    <distributionInfo>
        <MD_Distribution>
            <distributionFormat>
                <MD_Format>
                    <name>
                        <gco:CharacterString>*.xml</gco:CharacterString>
                    </name>
                    <version>
                        <gco:CharacterString>Unknown</gco:CharacterString>
                    </version>
                </MD_Format>
            </distributionFormat>
        </MD_Distribution>
    </distributionInfo>
</MD_Metadata>
